{"v":"5.5.7","meta":{"g":"LottieFiles AE 0.1.20","a":"","k":"","d":"","tc":"#FFFFFF"},"fr":60,"ip":0,"op":420,"w":512,"h":512,"nm":"CoffeeCup","ddd":0,"assets":[{"id":"comp_0","layers":[{"ddd":0,"ind":1,"ty":4,"nm":"smoke-03","sr":1,"ks":{"o":{"a":1,"k":[{"i":{"x":[0.51],"y":[1]},"o":{"x":[0.49],"y":[0]},"t":17,"s":[0]},{"i":{"x":[0.51],"y":[1]},"o":{"x":[0.167],"y":[0]},"t":38.592,"s":[100]},{"i":{"x":[0.51],"y":[1]},"o":{"x":[0.167],"y":[0]},"t":55.637,"s":[100]},{"t":92,"s":[0]}],"ix":11},"r":{"a":0,"k":0,"ix":10},"p":{"a":0,"k":[90.731,73.25,0],"ix":2},"a":{"a":0,"k":[0,0,0],"ix":1},"s":{"a":0,"k":[100,100,100],"ix":6}},"ao":0,"shapes":[{"ty":"gr","it":[{"ind":0,"ty":"sh","ix":1,"ks":{"a":0,"k":{"i":[[0,0],[11.5,46]],"o":[[-6.379,-36],[0,0]],"v":[[-14.868,47.25],[14.132,-43.25]],"c":false},"ix":2},"nm":"Path 1","mn":"ADBE Vector Shape - Group","hd":false},{"ty":"st","c":{"a":0,"k":[0.404166668653,0.266244798899,0.207135409117,1],"ix":3},"o":{"a":0,"k":100,"ix":4},"w":{"a":0,"k":8,"ix":5},"lc":2,"lj":1,"ml":4,"bm":0,"nm":"Stroke 1","mn":"ADBE Vector Graphic - Stroke","hd":false},{"ty":"tr","p":{"a":0,"k":[0,0],"ix":2},"a":{"a":0,"k":[0,0],"ix":1},"s":{"a":0,"k":[100,100],"ix":3},"r":{"a":0,"k":0,"ix":6},"o":{"a":0,"k":100,"ix":7},"sk":{"a":0,"k":0,"ix":4},"sa":{"a":0,"k":0,"ix":5},"nm":"Transform"}],"nm":"smoke-03","np":2,"cix":2,"bm":0,"ix":1,"mn":"ADBE Vector Group","hd":false},{"ty":"tm","s":{"a":1,"k":[{"i":{"x":[0.49],"y":[1]},"o":{"x":[0.51],"y":[0]},"t":55.637,"s":[0]},{"t":92,"s":[100]}],"ix":1},"e":{"a":1,"k":[{"i":{"x":[0.49],"y":[1]},"o":{"x":[0.51],"y":[0]},"t":17,"s":[0]},{"t":70.408203125,"s":[100]}],"ix":2},"o":{"a":0,"k":0,"ix":3},"m":1,"ix":2,"nm":"Trim Paths 1","mn":"ADBE Vector Filter - Trim","hd":false}],"ip":17,"op":94,"st":26,"bm":0},{"ddd":0,"ind":2,"ty":4,"nm":"smoke-02","sr":1,"ks":{"o":{"a":1,"k":[{"i":{"x":[0.51],"y":[1]},"o":{"x":[0.49],"y":[0]},"t":7,"s":[0]},{"i":{"x":[0.51],"y":[1]},"o":{"x":[0.49],"y":[0]},"t":27.609,"s":[100]},{"i":{"x":[0.51],"y":[1]},"o":{"x":[0.49],"y":[0]},"t":45.641,"s":[100]},{"t":86,"s":[0]}],"ix":11},"r":{"a":0,"k":0,"ix":10},"p":{"a":0,"k":[67.166,70,0],"ix":2},"a":{"a":0,"k":[0,0,0],"ix":1},"s":{"a":0,"k":[100,100,100],"ix":6}},"ao":0,"shapes":[{"ty":"gr","it":[{"ind":0,"ty":"sh","ix":1,"ks":{"a":0,"k":{"i":[[0,0],[23.637,53]],"o":[[-18.123,-50],[0,0]],"v":[[-8.68,60],[3.697,-65]],"c":false},"ix":2},"nm":"Path 1","mn":"ADBE Vector Shape - Group","hd":false},{"ty":"st","c":{"a":0,"k":[0.404166668653,0.266244798899,0.207135409117,1],"ix":3},"o":{"a":0,"k":100,"ix":4},"w":{"a":0,"k":8,"ix":5},"lc":2,"lj":1,"ml":4,"bm":0,"nm":"Stroke 1","mn":"ADBE Vector Graphic - Stroke","hd":false},{"ty":"tr","p":{"a":0,"k":[0,0],"ix":2},"a":{"a":0,"k":[0,0],"ix":1},"s":{"a":0,"k":[100,100],"ix":3},"r":{"a":0,"k":0,"ix":6},"o":{"a":0,"k":100,"ix":7},"sk":{"a":0,"k":0,"ix":4},"sa":{"a":0,"k":0,"ix":5},"nm":"Transform"}],"nm":"smoke-02","np":2,"cix":2,"bm":0,"ix":1,"mn":"ADBE Vector Group","hd":false},{"ty":"tm","s":{"a":1,"k":[{"i":{"x":[0.49],"y":[1]},"o":{"x":[0.51],"y":[0]},"t":44.783,"s":[0]},{"t":86,"s":[100]}],"ix":1},"e":{"a":1,"k":[{"i":{"x":[0.49],"y":[1]},"o":{"x":[0.51],"y":[0]},"t":7,"s":[0]},{"t":66.25,"s":[100]}],"ix":2},"o":{"a":0,"k":0,"ix":3},"m":1,"ix":2,"nm":"Trim Paths 1","mn":"ADBE Vector Filter - Trim","hd":false}],"ip":0,"op":114,"st":0,"bm":0},{"ddd":0,"ind":3,"ty":4,"nm":"smoke-01","sr":1,"ks":{"o":{"a":1,"k":[{"i":{"x":[0.51],"y":[1]},"o":{"x":[0.49],"y":[0]},"t":0,"s":[0]},{"i":{"x":[0.51],"y":[1]},"o":{"x":[0.167],"y":[0]},"t":19,"s":[100]},{"i":{"x":[0.51],"y":[1]},"o":{"x":[0.167],"y":[0]},"t":32,"s":[100]},{"t":68,"s":[0]}],"ix":11},"r":{"a":0,"k":0,"ix":10},"p":{"a":0,"k":[41.159,73.5,0],"ix":2},"a":{"a":0,"k":[0,0,0],"ix":1},"s":{"a":0,"k":[100,100,100],"ix":6}},"ao":0,"shapes":[{"ty":"gr","it":[{"ind":0,"ty":"sh","ix":1,"ks":{"a":0,"k":{"i":[[0,0],[27.5,36.5]],"o":[[-12.5,-38.5],[0,0]],"v":[[-4.796,47],[-3.296,-42.5]],"c":false},"ix":2},"nm":"Path 1","mn":"ADBE Vector Shape - Group","hd":false},{"ty":"st","c":{"a":0,"k":[0.404166668653,0.266244798899,0.207135409117,1],"ix":3},"o":{"a":0,"k":100,"ix":4},"w":{"a":0,"k":8,"ix":5},"lc":2,"lj":1,"ml":4,"bm":0,"nm":"Stroke 1","mn":"ADBE Vector Graphic - Stroke","hd":false},{"ty":"tr","p":{"a":0,"k":[0,0],"ix":2},"a":{"a":0,"k":[0,0],"ix":1},"s":{"a":0,"k":[100,100],"ix":3},"r":{"a":0,"k":0,"ix":6},"o":{"a":0,"k":100,"ix":7},"sk":{"a":0,"k":0,"ix":4},"sa":{"a":0,"k":0,"ix":5},"nm":"Transform"}],"nm":"smoke-01","np":2,"cix":2,"bm":0,"ix":1,"mn":"ADBE Vector Group","hd":false},{"ty":"tm","s":{"a":1,"k":[{"i":{"x":[0.49],"y":[1]},"o":{"x":[0.51],"y":[0]},"t":33,"s":[0]},{"t":68,"s":[100]}],"ix":1},"e":{"a":1,"k":[{"i":{"x":[0.49],"y":[1]},"o":{"x":[0.51],"y":[0]},"t":0,"s":[0]},{"t":49,"s":[100]}],"ix":2},"o":{"a":0,"k":0,"ix":3},"m":1,"ix":2,"nm":"Trim Paths 1","mn":"ADBE Vector Filter - Trim","hd":false}],"ip":0,"op":70,"st":-1,"bm":0}]},{"id":"comp_1","layers":[{"ddd":0,"ind":1,"ty":4,"nm":"mask","td":1,"sr":1,"ks":{"o":{"a":0,"k":100,"ix":11},"r":{"a":0,"k":0,"ix":10},"p":{"a":0,"k":[60,69.5,0],"ix":2},"a":{"a":0,"k":[0,0,0],"ix":1},"s":{"a":0,"k":[100,100,100],"ix":6}},"ao":0,"shapes":[{"ty":"gr","it":[{"ind":0,"ty":"sh","ix":1,"ks":{"a":0,"k":{"i":[[-22.191,0],[0,-31.18],[22.191,0],[0,31.18]],"o":[[22.191,0],[0,31.18],[-22.191,0],[0,-31.18]],"v":[[0,-55.5],[39.5,0],[0,55.5],[-39.5,0]],"c":true},"ix":2},"nm":"Path 1","mn":"ADBE Vector Shape - Group","hd":false},{"ty":"fl","c":{"a":0,"k":[0.404166668653,0.266244798899,0.207135409117,1],"ix":4},"o":{"a":0,"k":100,"ix":5},"r":1,"bm":0,"nm":"Fill 1","mn":"ADBE Vector Graphic - Fill","hd":false},{"ty":"tr","p":{"a":0,"k":[0,0],"ix":2},"a":{"a":0,"k":[0,0],"ix":1},"s":{"a":0,"k":[100,100],"ix":3},"r":{"a":0,"k":0,"ix":6},"o":{"a":0,"k":100,"ix":7},"sk":{"a":0,"k":0,"ix":4},"sa":{"a":0,"k":0,"ix":5},"nm":"Transform"}],"nm":"bean","np":2,"cix":2,"bm":0,"ix":1,"mn":"ADBE Vector Group","hd":false}],"ip":0,"op":65,"st":0,"bm":0},{"ddd":0,"ind":2,"ty":4,"nm":"mark","tt":1,"sr":1,"ks":{"o":{"a":0,"k":100,"ix":11},"r":{"a":0,"k":0,"ix":10},"p":{"a":1,"k":[{"i":{"x":0.51,"y":1},"o":{"x":0.49,"y":0},"t":0,"s":[100.075,69.875,0],"to":[-11.917,0,0],"ti":[11.917,0,0]},{"t":60,"s":[28.575,69.875,0]}],"ix":2},"a":{"a":0,"k":[49.397,-0.217,0],"ix":1},"s":{"a":0,"k":[100,100,100],"ix":6}},"ao":0,"shapes":[{"ty":"gr","it":[{"ind":0,"ty":"sh","ix":1,"ks":{"a":1,"k":[{"i":{"x":0.833,"y":0.723},"o":{"x":0.49,"y":0},"t":0,"s":[{"i":[[0,0],[1.446,-20.5],[11.446,-13.684],[0,0],[-1.322,22.5],[13.608,3.5]],"o":[[15.358,8.75],[-1.909,27.056],[0,0],[16.358,-16.5],[1.468,-24.979],[0,0]],"v":[[-22.108,-55.342],[4.554,2.408],[-16.446,55.842],[-14.358,56.908],[12.392,2.658],[-18.608,-55.342]],"c":true}]},{"i":{"x":0.51,"y":1},"o":{"x":0.167,"y":0.277},"t":30,"s":[{"i":[[0,0],[6,-16.606],[-9.912,-14.684],[0,0],[-5.751,19.308],[8.909,17.57]],"o":[[7.845,15.473],[-7.909,21.89],[0,0],[-7.736,-19.794],[7,-23.5],[0,0]],"v":[[-1.858,-56.842],[-4.696,-1.592],[-4.696,57.092],[1.392,56.408],[7.392,2.408],[1.642,-56.842]],"c":true}]},{"t":60,"s":[{"i":[[0,0],[0.446,-19],[-11.054,-6.434],[0,0],[0.106,20.146],[-8.142,15.5]],"o":[[-8.142,11.25],[-0.547,23.268],[0,0],[-11.892,-12.75],[-0.142,-27],[0,0]],"v":[[8.642,-53.092],[-13.321,-0.092],[12.304,55.842],[15.142,55.158],[-5.983,2.158],[12.142,-53.092]],"c":true}]}],"ix":2},"nm":"Path 1","mn":"ADBE Vector Shape - Group","hd":false},{"ty":"fl","c":{"a":0,"k":[0.804166674614,0.687026441097,0.549513936043,1],"ix":4},"o":{"a":0,"k":100,"ix":5},"r":1,"bm":0,"nm":"Fill 1","mn":"ADBE Vector Graphic - Fill","hd":false},{"ty":"tr","p":{"a":0,"k":[45.572,0],"ix":2},"a":{"a":0,"k":[0,0],"ix":1},"s":{"a":0,"k":[100,100],"ix":3},"r":{"a":0,"k":0,"ix":6},"o":{"a":0,"k":100,"ix":7},"sk":{"a":0,"k":0,"ix":4},"sa":{"a":0,"k":0,"ix":5},"nm":"Transform"}],"nm":"mark","np":2,"cix":2,"bm":0,"ix":1,"mn":"ADBE Vector Group","hd":false}],"ip":0,"op":61,"st":0,"bm":0},{"ddd":0,"ind":3,"ty":4,"nm":"bean","sr":1,"ks":{"o":{"a":0,"k":100,"ix":11},"r":{"a":0,"k":0,"ix":10},"p":{"a":0,"k":[60,69.5,0],"ix":2},"a":{"a":0,"k":[0,0,0],"ix":1},"s":{"a":0,"k":[100,100,100],"ix":6}},"ao":0,"shapes":[{"ty":"gr","it":[{"ind":0,"ty":"sh","ix":1,"ks":{"a":0,"k":{"i":[[-22.191,0],[0,-31.18],[22.191,0],[0,31.18]],"o":[[22.191,0],[0,31.18],[-22.191,0],[0,-31.18]],"v":[[0,-55.5],[39.5,0],[0,55.5],[-39.5,0]],"c":true},"ix":2},"nm":"Path 1","mn":"ADBE Vector Shape - Group","hd":false},{"ty":"fl","c":{"a":0,"k":[0.404166668653,0.266244798899,0.207135409117,1],"ix":4},"o":{"a":0,"k":100,"ix":5},"r":1,"bm":0,"nm":"Fill 1","mn":"ADBE Vector Graphic - Fill","hd":false},{"ty":"tr","p":{"a":0,"k":[0,0],"ix":2},"a":{"a":0,"k":[0,0],"ix":1},"s":{"a":0,"k":[100,100],"ix":3},"r":{"a":0,"k":0,"ix":6},"o":{"a":0,"k":100,"ix":7},"sk":{"a":0,"k":0,"ix":4},"sa":{"a":0,"k":0,"ix":5},"nm":"Transform"}],"nm":"bean","np":2,"cix":2,"bm":0,"ix":1,"mn":"ADBE Vector Group","hd":false}],"ip":0,"op":73,"st":0,"bm":0}]}],"layers":[{"ddd":0,"ind":1,"ty":0,"nm":"▽ smoke","refId":"comp_0","sr":1,"ks":{"o":{"a":0,"k":100,"ix":11},"r":{"a":0,"k":0,"ix":10},"p":{"a":0,"k":[251.10200000000003,168,0],"ix":2},"a":{"a":0,"k":[70,70,0],"ix":1},"s":{"a":0,"k":[100,100,100],"ix":6}},"ao":0,"tm":{"a":1,"k":[{"i":{"x":[0.833],"y":[0.833]},"o":{"x":[0.167],"y":[0.167]},"t":110,"s":[0]},{"i":{"x":[0.833],"y":[1]},"o":{"x":[0.167],"y":[0]},"t":195,"s":[2]},{"t":197,"s":[2],"h":1},{"i":{"x":[0.833],"y":[0.833]},"o":{"x":[0.167],"y":[0.167]},"t":210,"s":[0]},{"t":290,"s":[1.55]}],"ix":2},"w":140,"h":140,"ip":110,"op":291,"st":110,"bm":0},{"ddd":0,"ind":2,"ty":4,"nm":"coffee-cup 3","sr":1,"ks":{"o":{"a":1,"k":[{"i":{"x":[0.7],"y":[1]},"o":{"x":[0.7],"y":[0]},"t":336,"s":[100]},{"t":365,"s":[11]}],"ix":11},"r":{"a":0,"k":0,"ix":10},"p":{"a":0,"k":[270,323.25,0],"ix":2},"a":{"a":0,"k":[0,0,0],"ix":1},"s":{"a":0,"k":[100,100,100],"ix":6}},"ao":0,"shapes":[{"ty":"gr","it":[{"ind":0,"ty":"sh","ix":1,"ks":{"a":0,"k":{"i":[[0,0],[-15.511,-0.034],[0,6.371],[37.5,0],[0,-6],[-29.34,0],[0,12.703],[52.467,0],[0,-19],[-11.5,-25.5],[-27.542,0],[-7.827,23.48],[-4.5,21.5],[-15.002,-1.986],[6.274,-22.674],[11.243,0],[0.243,17.25]],"o":[[10.243,15],[28.035,0.062],[0,-3],[-40.028,0],[0,10],[52.467,0],[0,-12.703],[-52.467,0],[0,14],[12.068,26.76],[27.542,0],[6,-18],[4.5,-21.5],[16.993,2.25],[-5.257,19],[-12.509,0],[0,0]],"v":[[-84.743,-62.25],[-26.989,-45.216],[43.257,-54.75],[-29.243,-64.75],[-101.243,-47.25],[-24.743,-30.25],[70.257,-53.25],[-24.743,-79.75],[-119.243,-47.25],[-95.743,42.75],[-24.743,79.75],[48.257,45.75],[63.257,-16.75],[98.757,-45.75],[120.507,-5.75],[94.507,26.75],[76.757,-4]],"c":false},"ix":2},"nm":"Path 1","mn":"ADBE Vector Shape - Group","hd":false},{"ty":"st","c":{"a":0,"k":[0.404166668653,0.266244798899,0.207135409117,1],"ix":3},"o":{"a":0,"k":100,"ix":4},"w":{"a":0,"k":10,"ix":5},"lc":2,"lj":2,"bm":0,"nm":"Stroke 1","mn":"ADBE Vector Graphic - Stroke","hd":false},{"ty":"tr","p":{"a":0,"k":[0,0],"ix":2},"a":{"a":0,"k":[0,0],"ix":1},"s":{"a":0,"k":[100,100],"ix":3},"r":{"a":0,"k":0,"ix":6},"o":{"a":0,"k":100,"ix":7},"sk":{"a":0,"k":0,"ix":4},"sa":{"a":0,"k":0,"ix":5},"nm":"Transform"}],"nm":"coffee-cup","np":2,"cix":2,"bm":0,"ix":1,"mn":"ADBE Vector Group","hd":false},{"ty":"tm","s":{"a":1,"k":[{"i":{"x":[0.398],"y":[1]},"o":{"x":[0.553],"y":[0.669]},"t":67,"s":[0]},{"t":103,"s":[4]}],"ix":1},"e":{"a":1,"k":[{"i":{"x":[0.389],"y":[1]},"o":{"x":[0.553],"y":[0.456]},"t":51,"s":[1]},{"i":{"x":[0.51],"y":[1]},"o":{"x":[0.57],"y":[0]},"t":148,"s":[100]},{"i":{"x":[0.51],"y":[1]},"o":{"x":[0.49],"y":[0]},"t":293,"s":[100]},{"t":365,"s":[4]}],"ix":2},"o":{"a":0,"k":0,"ix":3},"m":1,"ix":2,"nm":"Trim Paths 1","mn":"ADBE Vector Filter - Trim","hd":false}],"ip":51,"op":374,"st":-130,"bm":0},{"ddd":0,"ind":3,"ty":4,"nm":"coffee-cup2","sr":1,"ks":{"o":{"a":1,"k":[{"i":{"x":[0.7],"y":[1]},"o":{"x":[0.7],"y":[0]},"t":339,"s":[100]},{"t":368,"s":[11]}],"ix":11},"r":{"a":0,"k":0,"ix":10},"p":{"a":0,"k":[270,323.25,0],"ix":2},"a":{"a":0,"k":[0,0,0],"ix":1},"s":{"a":0,"k":[100,100,100],"ix":6}},"ao":0,"shapes":[{"ty":"gr","it":[{"ind":0,"ty":"sh","ix":1,"ks":{"a":0,"k":{"i":[[0,0],[-15.511,-0.034],[0,6.371],[37.5,0],[0,-6],[-29.34,0],[0,12.703],[52.467,0],[0,-19],[-11.5,-25.5],[-27.542,0],[-7.827,23.48],[-4.5,21.5],[-15.002,-1.986],[6.274,-22.674],[11.243,0],[0.243,17.25]],"o":[[10.243,15],[28.035,0.062],[0,-3],[-40.028,0],[0,10],[52.467,0],[0,-12.703],[-52.467,0],[0,14],[12.068,26.76],[27.542,0],[6,-18],[4.5,-21.5],[16.993,2.25],[-5.257,19],[-12.509,0],[0,0]],"v":[[-84.743,-62.25],[-26.989,-45.216],[43.257,-54.75],[-29.243,-64.75],[-101.243,-47.25],[-24.743,-30.25],[70.257,-53.25],[-24.743,-79.75],[-119.243,-47.25],[-95.743,42.75],[-24.743,79.75],[48.257,45.75],[63.257,-16.75],[98.757,-45.75],[120.507,-5.75],[94.507,26.75],[76.757,-4]],"c":false},"ix":2},"nm":"Path 1","mn":"ADBE Vector Shape - Group","hd":false},{"ty":"st","c":{"a":0,"k":[0.572549045086,0.37856644392,0.295431107283,1],"ix":3},"o":{"a":0,"k":100,"ix":4},"w":{"a":0,"k":10,"ix":5},"lc":2,"lj":2,"bm":0,"nm":"Stroke 1","mn":"ADBE Vector Graphic - Stroke","hd":false},{"ty":"tr","p":{"a":0,"k":[0,0],"ix":2},"a":{"a":0,"k":[0,0],"ix":1},"s":{"a":0,"k":[100,100],"ix":3},"r":{"a":0,"k":0,"ix":6},"o":{"a":0,"k":100,"ix":7},"sk":{"a":0,"k":0,"ix":4},"sa":{"a":0,"k":0,"ix":5},"nm":"Transform"}],"nm":"coffee-cup","np":2,"cix":2,"bm":0,"ix":1,"mn":"ADBE Vector Group","hd":false},{"ty":"tm","s":{"a":1,"k":[{"i":{"x":[0.398],"y":[1]},"o":{"x":[0.553],"y":[0.669]},"t":56,"s":[0]},{"t":92,"s":[4]}],"ix":1},"e":{"a":1,"k":[{"i":{"x":[0.389],"y":[1]},"o":{"x":[0.553],"y":[0.456]},"t":40,"s":[1]},{"i":{"x":[0.51],"y":[1]},"o":{"x":[0.57],"y":[0]},"t":137,"s":[100]},{"i":{"x":[0.51],"y":[1]},"o":{"x":[0.49],"y":[0]},"t":296,"s":[100]},{"t":368,"s":[4]}],"ix":2},"o":{"a":0,"k":0,"ix":3},"m":1,"ix":2,"nm":"Trim Paths 1","mn":"ADBE Vector Filter - Trim","hd":false}],"ip":40,"op":374,"st":-130,"bm":0},{"ddd":0,"ind":4,"ty":4,"nm":"coffee-cup","sr":1,"ks":{"o":{"a":1,"k":[{"i":{"x":[0.7],"y":[1]},"o":{"x":[0.7],"y":[0]},"t":343,"s":[100]},{"t":372,"s":[11]}],"ix":11},"r":{"a":0,"k":0,"ix":10},"p":{"a":0,"k":[270,323.25,0],"ix":2},"a":{"a":0,"k":[0,0,0],"ix":1},"s":{"a":0,"k":[100,100,100],"ix":6}},"ao":0,"shapes":[{"ty":"gr","it":[{"ind":0,"ty":"sh","ix":1,"ks":{"a":0,"k":{"i":[[0,0],[-15.511,-0.034],[0,6.371],[37.5,0],[0,-6],[-29.34,0],[0,12.703],[52.467,0],[0,-19],[-11.5,-25.5],[-27.542,0],[-7.827,23.48],[-4.5,21.5],[-15.002,-1.986],[6.274,-22.674],[11.243,0],[0.243,17.25]],"o":[[10.243,15],[28.035,0.062],[0,-3],[-40.028,0],[0,10],[52.467,0],[0,-12.703],[-52.467,0],[0,14],[12.068,26.76],[27.542,0],[6,-18],[4.5,-21.5],[16.993,2.25],[-5.257,19],[-12.509,0],[0,0]],"v":[[-84.743,-62.25],[-26.989,-45.216],[43.257,-54.75],[-29.243,-64.75],[-101.243,-47.25],[-24.743,-30.25],[70.257,-53.25],[-24.743,-79.75],[-119.243,-47.25],[-95.743,42.75],[-24.743,79.75],[48.257,45.75],[63.257,-16.75],[98.757,-45.75],[120.507,-5.75],[94.507,26.75],[76.757,-4]],"c":false},"ix":2},"nm":"Path 1","mn":"ADBE Vector Shape - Group","hd":false},{"ty":"st","c":{"a":0,"k":[0.264859080315,0.14213578403,0.089540064335,1],"ix":3},"o":{"a":0,"k":100,"ix":4},"w":{"a":0,"k":10,"ix":5},"lc":2,"lj":2,"bm":0,"nm":"Stroke 1","mn":"ADBE Vector Graphic - Stroke","hd":false},{"ty":"tr","p":{"a":0,"k":[0,0],"ix":2},"a":{"a":0,"k":[0,0],"ix":1},"s":{"a":0,"k":[100,100],"ix":3},"r":{"a":0,"k":0,"ix":6},"o":{"a":0,"k":100,"ix":7},"sk":{"a":0,"k":0,"ix":4},"sa":{"a":0,"k":0,"ix":5},"nm":"Transform"}],"nm":"coffee-cup","np":2,"cix":2,"bm":0,"ix":1,"mn":"ADBE Vector Group","hd":false},{"ty":"tm","s":{"a":1,"k":[{"i":{"x":[0.398],"y":[1]},"o":{"x":[0.553],"y":[0.669]},"t":52,"s":[0]},{"t":88,"s":[4]}],"ix":1},"e":{"a":1,"k":[{"i":{"x":[0.389],"y":[1]},"o":{"x":[0.553],"y":[0.456]},"t":36,"s":[1]},{"i":{"x":[0.51],"y":[1]},"o":{"x":[0.57],"y":[0]},"t":133,"s":[100]},{"i":{"x":[0.51],"y":[1]},"o":{"x":[0.49],"y":[0]},"t":300,"s":[100]},{"t":372,"s":[4]}],"ix":2},"o":{"a":0,"k":0,"ix":3},"m":1,"ix":2,"nm":"Trim Paths 1","mn":"ADBE Vector Filter - Trim","hd":false}],"ip":38,"op":374,"st":-130,"bm":0},{"ddd":0,"ind":5,"ty":0,"nm":"▽ coffee-bean","refId":"comp_1","sr":1,"ks":{"o":{"a":1,"k":[{"i":{"x":[0.833],"y":[1]},"o":{"x":[0.167],"y":[0]},"t":54,"s":[100]},{"t":55,"s":[0],"h":1},{"i":{"x":[0.7],"y":[1]},"o":{"x":[0.7],"y":[0]},"t":359,"s":[0]},{"t":388,"s":[100]}],"ix":11},"r":{"a":1,"k":[{"i":{"x":[0.833],"y":[0.845]},"o":{"x":[0.7],"y":[0]},"t":0,"s":[35.115]},{"i":{"x":[0.833],"y":[0.806]},"o":{"x":[0.167],"y":[0.178]},"t":17,"s":[-115.367]},{"i":{"x":[0.7],"y":[1]},"o":{"x":[0.167],"y":[0.143]},"t":37,"s":[-270.255]},{"i":{"x":[0.7],"y":[1]},"o":{"x":[0.7],"y":[0]},"t":54,"s":[-448.812]},{"t":388,"s":[35.115]}],"ix":10},"p":{"a":1,"k":[{"i":{"x":0.833,"y":0.824},"o":{"x":0.7,"y":0},"t":0,"s":[253.96899999999997,210.03099999999998,0],"to":[-70,49.167,0],"ti":[-80.774,35.838,0]},{"i":{"x":0.833,"y":0.83},"o":{"x":0.167,"y":0.159},"t":17,"s":[301.969,319.031,0],"to":[80.774,-35.838,0],"ti":[112.969,1.031,0]},{"i":{"x":0.7,"y":1},"o":{"x":0.167,"y":0.162},"t":37,"s":[256.969,145.031,0],"to":[-112.969,-1.031,0],"ti":[-87.969,-6.031,0]},{"i":{"x":0.782,"y":0.728},"o":{"x":0.67,"y":0},"t":54,"s":[231.969,278.031,0],"to":[83.203,5.704,0],"ti":[58.593,-29.675,0]},{"i":{"x":0.614,"y":1},"o":{"x":0.293,"y":0.065},"t":359,"s":[246.693,270.51,0],"to":[-3.356,1.7,0],"ti":[3.792,-2.664,0]},{"t":388,"s":[253.96899999999997,210.03099999999998,0]}],"ix":2},"a":{"a":0,"k":[60,70,0],"ix":1},"s":{"a":1,"k":[{"i":{"x":[0.7,0.7,0.7],"y":[1,1,1]},"o":{"x":[0.7,0.7,0.7],"y":[0,0,0]},"t":0,"s":[73.162,73.162,100]},{"i":{"x":[0.782,0.782,0.782],"y":[-10.412,-10.412,2.696]},"o":{"x":[0.67,0.67,0.67],"y":[0,0,0]},"t":54,"s":[10,10,100]},{"i":{"x":[0.614,0.614,0.614],"y":[1,1,1]},"o":{"x":[0.293,0.293,0.293],"y":[0.023,0.023,-0.217]},"t":359,"s":[10,10,100]},{"t":388,"s":[73.162,73.162,100]}],"ix":6}},"ao":0,"tm":{"a":1,"k":[{"i":{"x":[0.5],"y":[1]},"o":{"x":[0.5],"y":[0]},"t":0,"s":[0.65]},{"i":{"x":[0.833],"y":[0.833]},"o":{"x":[0.5],"y":[0]},"t":54,"s":[0.192]},{"i":{"x":[0.833],"y":[0.833]},"o":{"x":[0.167],"y":[0.167]},"t":359,"s":[0.333]},{"t":388,"s":[0.65]}],"ix":2},"w":120,"h":140,"ip":0,"op":429,"st":-123,"bm":0},{"ddd":0,"ind":6,"ty":0,"nm":"▽ coffee-bean","refId":"comp_1","sr":1,"ks":{"o":{"a":1,"k":[{"i":{"x":[0.833],"y":[1]},"o":{"x":[0.167],"y":[0]},"t":48,"s":[100]},{"t":49,"s":[0],"h":1},{"i":{"x":[0.7],"y":[1]},"o":{"x":[0.7],"y":[0]},"t":358,"s":[0]},{"t":387,"s":[100]}],"ix":11},"r":{"a":1,"k":[{"i":{"x":[0.833],"y":[0.805]},"o":{"x":[0.7],"y":[0]},"t":0,"s":[-42.58]},{"i":{"x":[0.833],"y":[0.807]},"o":{"x":[0.167],"y":[0.148]},"t":14,"s":[-129.901]},{"i":{"x":[0.7],"y":[1]},"o":{"x":[0.167],"y":[0.149]},"t":30,"s":[-261.202]},{"i":{"x":[0.7],"y":[1]},"o":{"x":[0.7],"y":[0]},"t":48,"s":[-453.279]},{"t":387,"s":[-42.58]}],"ix":10},"p":{"a":1,"k":[{"i":{"x":0.833,"y":0.798},"o":{"x":0.7,"y":0},"t":0,"s":[196,306,0],"to":[18.667,26.333,0],"ti":[-53.321,39.359,0]},{"i":{"x":0.833,"y":0.839},"o":{"x":0.167,"y":0.145},"t":14,"s":[325,308.5,0],"to":[53.321,-39.359,0],"ti":[89.598,9.024,0]},{"i":{"x":0.7,"y":1},"o":{"x":0.167,"y":0.172},"t":30,"s":[261.5,136.5,0],"to":[-89.598,-9.024,0],"ti":[-117.083,-10.25,0]},{"i":{"x":0.781,"y":0.623},"o":{"x":0.671,"y":0},"t":48,"s":[231.37500000000003,277.875,0],"to":[23.915,2.094,0],"ti":[-8.112,-22.221,0]},{"i":{"x":0.615,"y":1},"o":{"x":0.293,"y":0.025},"t":358,"s":[245.78800000000004,273.926,0],"to":[0.468,1.282,0],"ti":[-1.018,-1.436,0]},{"t":387,"s":[196,306,0]}],"ix":2},"a":{"a":0,"k":[60,70,0],"ix":1},"s":{"a":1,"k":[{"i":{"x":[0.7,0.7,0.7],"y":[1,1,1]},"o":{"x":[0.7,0.7,0.7],"y":[0,0,0]},"t":0,"s":[62.643,62.643,100]},{"i":{"x":[0.781,0.781,0.781],"y":[-8.367,-8.367,2.681]},"o":{"x":[0.671,0.671,0.671],"y":[0,0,0]},"t":48,"s":[10,10,100]},{"i":{"x":[0.615,0.615,0.615],"y":[1,1,1]},"o":{"x":[0.293,0.293,0.293],"y":[0.022,0.022,-0.211]},"t":358,"s":[10,10,100]},{"t":387,"s":[62.643,62.643,100]}],"ix":6}},"ao":0,"tm":{"a":1,"k":[{"i":{"x":[0.5],"y":[1]},"o":{"x":[0.5],"y":[0]},"t":0,"s":[0.65]},{"i":{"x":[0.833],"y":[0.833]},"o":{"x":[0.5],"y":[0]},"t":48,"s":[0.258]},{"i":{"x":[0.833],"y":[0.833]},"o":{"x":[0.167],"y":[0.167]},"t":358,"s":[0.35]},{"t":387,"s":[0.65]}],"ix":2},"w":120,"h":140,"ip":0,"op":433,"st":-123,"bm":0},{"ddd":0,"ind":7,"ty":0,"nm":"▽ coffee-bean","refId":"comp_1","sr":1,"ks":{"o":{"a":1,"k":[{"i":{"x":[0.833],"y":[1]},"o":{"x":[0.167],"y":[0]},"t":42,"s":[100]},{"t":43,"s":[0],"h":1},{"i":{"x":[0.7],"y":[1]},"o":{"x":[0.7],"y":[0]},"t":358,"s":[0]},{"t":387,"s":[100]}],"ix":11},"r":{"a":1,"k":[{"i":{"x":[0.833],"y":[0.772]},"o":{"x":[0.7],"y":[0]},"t":0,"s":[42.517]},{"i":{"x":[0.7],"y":[1]},"o":{"x":[0.167],"y":[0.123]},"t":24,"s":[-86.431]},{"i":{"x":[0.7],"y":[1]},"o":{"x":[0.7],"y":[0]},"t":42,"s":[-266.212]},{"t":387,"s":[42.517]}],"ix":10},"p":{"a":1,"k":[{"i":{"x":0.833,"y":0.801},"o":{"x":0.7,"y":0},"t":0,"s":[326.25,293,0],"to":[58.729,-68.665,0],"ti":[92.954,-1.256,0]},{"i":{"x":0.7,"y":0.981},"o":{"x":0.167,"y":0.137},"t":24,"s":[259.979,140.405,0],"to":[-129.392,1.748,0],"ti":[-89.605,-1.545,0]},{"i":{"x":0.781,"y":0.663},"o":{"x":0.671,"y":0},"t":42,"s":[231.25,278,0],"to":[69.401,1.197,0],"ti":[-6.969,-1.385,0]},{"i":{"x":0.615,"y":1},"o":{"x":0.293,"y":0.027},"t":358,"s":[245.38299999999998,274.08,0],"to":[2.029,0.403,0],"ti":[-2.301,2.69,0]},{"t":387,"s":[326.25,293,0]}],"ix":2},"a":{"a":0,"k":[60,70,0],"ix":1},"s":{"a":1,"k":[{"i":{"x":[0.7,0.7,0.7],"y":[1,1,1]},"o":{"x":[0.7,0.7,0.7],"y":[0,0,0]},"t":0,"s":[80.185,80.185,100]},{"i":{"x":[0.781,0.781,0.781],"y":[-11.542,-11.542,2.672]},"o":{"x":[0.671,0.671,0.671],"y":[0,0,0]},"t":42,"s":[10,10,100]},{"i":{"x":[0.615,0.615,0.615],"y":[1,1,1]},"o":{"x":[0.293,0.293,0.293],"y":[0.022,0.022,-0.205]},"t":358,"s":[10,10,100]},{"t":387,"s":[80.185,80.185,100]}],"ix":6}},"ao":0,"tm":{"a":1,"k":[{"i":{"x":[0.52],"y":[1]},"o":{"x":[0.48],"y":[0]},"t":0,"s":[0.383]},{"i":{"x":[0.833],"y":[0.833]},"o":{"x":[0.48],"y":[0]},"t":41,"s":[0.713]},{"i":{"x":[0.833],"y":[0.833]},"o":{"x":[0.167],"y":[0.167]},"t":358,"s":[0.667]},{"t":387,"s":[0.383]}],"ix":2},"w":120,"h":140,"ip":0,"op":433,"st":-123,"bm":0}],"markers":[]}